Unique_ID,state_crisil,dist_crisil,Crisil_Inclusix_Scores_16,Crisil_Inclusix_ranks_16,NIC_district_code,censuscode
1,Andaman and Nicobar,Nicobar,33.3,543,102,638
2,Andaman and Nicobar,North and Middle,39,486,103,639
3,Andaman and Nicobar,South Andaman,78.4,91,101,640
4,Andhra Pradesh,Anantapur,69.3,165,212,553
5,Andhra Pradesh,Chittoor,68.8,175,210,554
6,Andhra Pradesh,Cuddapah,75.5,115,211,551
7,Andhra Pradesh,East Godavari,78.5,88,204,545
8,Andhra Pradesh,Guntur,85.1,56,207,548
9,Andhra Pradesh,Krishna,89.7,36,206,547
10,Andhra Pradesh,Kurnool,68.4,178,213,552
11,Andhra Pradesh,Nellore,75.3,117,209,550
12,Andhra Pradesh,Prakasam,79.2,83,208,549
13,Andhra Pradesh,Srikakulam,73.6,129,201,542
14,Andhra Pradesh,Visakhapatnam,93.6,21,203,544
15,Andhra Pradesh,Vizianagaram,71.4,145,202,543
16,Andhra Pradesh,West Godavari,82,72,205,546
17,Arunachal Pradesh,Anjaw,28.1,601,317,260
18,Arunachal Pradesh,Chunglang,22,641,310,253
19,Arunachal Pradesh,Dibang Valley,51.9,318,,
20,Arunachal Pradesh,East Kameng,18,654,303,247
21,Arunachal Pradesh,East Siang,56.8,276,307,251
22,Arunachal Pradesh,Kurung Kumey,5.2,666,316,256
23,Arunachal Pradesh,Lohit,26.9,615,309,259
24,Arunachal Pradesh,Longding,17.2,656,318,
25,Arunachal Pradesh,Lower Dibang Valley,24.1,631,314,258
26,Arunachal Pradesh,Lower Subansiri,38,498,304,255
27,Arunachal Pradesh,PAPUM PARE,76,111,312,248
28,Arunachal Pradesh,Tawang,37.1,509,301,245
29,Arunachal Pradesh,Tirap,21.3,644,311,254
30,Arunachal Pradesh,Upper Siang,35.2,525,313,252
31,Arunachal Pradesh,Upper Subansiri,21.8,642,305,249
32,Arunachal Pradesh,West Kameng,40,470,302,246
33,Arunachal Pradesh,West Siang,38.5,490,306,250
34,Assam,Baksa,24,632,424,324
35,Assam,Barpeta,43.2,420,405,303
36,Assam,Bongaigaon,53.1,303,403,319
37,Assam,Cachar,48.9,350,423,316
38,Assam,Chirang,30.1,578,425,320
39,Assam,Darrang,44.1,416,408,325
40,Assam,Dhemaji,35.8,522,411,308
41,Assam,Dhubri,28.4,597,401,301
42,Assam,Dibrugarh,69,171,417,310
43,Assam,Goalpara,32.6,552,404,302
44,Assam,Golaghat,58.6,263,414,313
45,Assam,Hailakandi,36.5,518,422,318
46,Assam,Jorhat,75.4,116,415,312
47,Assam,Kamrup,65.5,195,407,321
48,Assam,KAMRUP-METRO,91.8,28,426,322
49,Assam,Karbi Anglong,43.8,418,419,314
50,Assam,Karimganj,34.8,531,421,317
51,Assam,Kokrajhar,31.7,560,402,300
52,Assam,Lakhimpur,48.4,355,410,307
53,Assam,Morigaon,40.6,457,412,304
54,Assam,Nagaon,39.7,476,413,305
55,Assam,Nalbari,62.1,233,406,323
56,Assam,DIMA HASAO(NORTH CACHAR HILLS),,398,420,315
57,Assam,SIVASAGAR,62.8,226,416,311
58,Assam,Sonitpur,48.4,358,409,306
59,Assam,Tinsukia,54.4,291,418,309
60,Assam,Udalguri,30.7,568,427,326
61,Bihar,Araria,28,604,541,209
62,Bihar,Arwal,29.4,585,551,240
63,Bihar,AURANAGABAD,35,529,505,235
64,Bihar,Banka,34.7,534,545,225
65,Bihar,Begusarai,45.2,402,517,222
66,Bihar,Bhagalpur,42.1,438,527,224
67,Bihar,Bhojpur,44.4,412,503,231
68,Bihar,Buxar,45.5,397,548,232
69,Bihar,Darbhanga,35.2,528,519,215
70,Chhattisgarh,Bilaspur,54.3,292,3301,406
71,Chhattisgarh,Dantewada,40.1,465,3312,416
72,Chhattisgarh,Dhamtari,51.9,317,3309,412
73,Chhattisgarh,Durg,80.6,76,3303,409
74,Chhattisgarh,Gariyaband,19.4,651,3320,645
75,Chhattisgarh,Janjgir-Champa,40.5,458,3314,405
76,Chhattisgarh,Jashpur,38.2,495,3307,402
77,Chhattisgarh,Kanker,41.6,449,3310,413
78,Chhattisgarh,Kawardha,30.4,573,3302,407
79,Chhattisgarh,Kondagaon DW,24.9,628,3323,
80,Chhattisgarh,Korba,48.3,360,3308,404
81,Chhattisgarh,KOREA,57.3,272,3306,400
82,Chhattisgarh,Mahasamund,48.9,351,3315,411
83,Chhattisgarh,Mungeli,27,613,3324,
84,Chhattisgarh,Narayanpur,25.3,623,3318,415
85,Chhattisgarh,Raigarh,50.7,334,3313,403
86,Chhattisgarh,Raipur,75,121,3316,410
87,Chhattisgarh,RAJNANDAGON,37.9,499,3304,408
88,Chhattisgarh,Sukma,18,655,3325,
89,Chhattisgarh,Surajpur,39,487,3326,
90,Chhattisgarh,Surguja,59.1,257,3305,401
91,Dadra and Nagar Haveli,Dadra and Nagar Haveli,60.2,252,701,496
92,Daman and Diu,Daman,61.7,239,801,495
93,Daman and Diu,Diu,56.3,282,802,494
94,Delhi,Delhi,86.1,52,,
95,Goa,North Goa,89.2,40,1001,585
96,Goa,South Goa,88.5,43,1002,586
97,Gujarat,AHMADABAD,83.6,62,1112,474
98,Gujarat,Amreli,49.9,338,1105,480
99,Gujarat,Anand,72.9,136,1122,482
100,Gujarat,Aravalli,40.7,454,1127,
101,Gujarat,Banas Kantha,38.5,491,1108,469
102,Gujarat,Bharuch,72.5,137,1116,488
103,Gujarat,Bhavnagar,52.9,306,1104,481
104,Gujarat,Botad,37.5,505,1131,
105,Gujarat,Chhotaudepur,23.8,633,1133,
106,Gujarat,DOHAD,26.6,616,1123,485
107,Gujarat,Dangs,24.3,630,1119,
108,Gujarat,Devbhumi Dwarka,46,392,1128,
109,Gujarat,Gandhinagar,75.8,113,1111,473
110,Gujarat,Gir Somnath,40.1,467,1132,
111,Gujarat,Jamnagar,78.1,94,1101,477
112,Gujarat,Junagadh,64.2,207,1106,479
113,Gujarat,Kachchh,60.8,246,1107,468
114,Gujarat,Kheda,65.6,194,1113,483
115,Gujarat,Mahesana,74.9,123,1110,471
116,Gujarat,Mahisagar,37,510,1129,
117,Gujarat,Morbi,47.7,371,1130,
118,Gujarat,Narmada,49.3,342,1124,487
119,Gujarat,Navsari,72.9,134,1125,490
120,Gujarat,Panch Mahals,49,349,1114,484
121,Gujarat,Patan,52.5,310,1120,470
122,Gujarat,Porbandar,59.7,254,1121,478
123,Gujarat,Rajkot,76.3,109,1102,476
124,Gujarat,Sabar Kantha,83.7,61,1109,472
125,Gujarat,Surat,63,225,1117,492
126,Gujarat,Surendranagar,51.4,323,1103,475
127,Gujarat,Tapi,23,636,1126,493
128,Gujarat,Vadodara,96.4,19,1115,486
129,Gujarat,Valsad,65,199,1118,491
130,Haryana,Ambala,92.3,24,1201,70
131,Haryana,Bhiwani,56.1,284,1213,81
132,Haryana,Faridabad,85.8,54,1209,88
133,Haryana,Fatehabad,63.8,213,1218,78
134,Haryana,GURGAON,89.5,37,1210,86
135,Haryana,Hisar,66,188,1215,80
136,Haryana,Jhajjar,63.7,217,1220,83
137,Haryana,Jind,63,223,1214,77
138,Haryana,Kaithal,64,212,1204,73
139,Haryana,Karnal,82,71,1205,74
140,Haryana,Kurukshetra,76.7,106,1203,72
141,Haryana,Mahendragarh,65.2,197,1212,84
142,Haryana,Mewat,20.6,648,1219,87
143,Haryana,Palwal,43.6,419,1221,89
144,Haryana,Panchkula,81.1,74,1217,69
145,Haryana,Panipat,67.1,186,1206,75
146,Haryana,Rewari,47.2,383,1211,85
147,Haryana,Rohtak,77.1,102,1208,82
148,Haryana,Sirsa,61.8,237,1216,79
149,Haryana,Sonipat,65.8,192,1207,76
150,Haryana,Yamunanagar,69.4,163,1202,71
151,Himachal Pradesh,Bilaspur,72.2,140,1301,30
152,Himachal Pradesh,Chamba,55.5,286,1302,23
153,Himachal Pradesh,Hamirpur,74.8,125,1303,28
154,Himachal Pradesh,Kangra,73.2,130,1304,24
155,Himachal Pradesh,Kinnaur,74.4,127,1305,34
156,Himachal Pradesh,Kulu,75.1,120,1306,26
157,Himachal Pradesh,Lahul & Spiti,65.8,191,1307,25
158,Himachal Pradesh,Mandi,71.1,146,,27
159,Himachal Pradesh,Simla,79.1,85,1309,33
160,Himachal Pradesh,Sirmaur,61.3,243,1310,32
161,Himachal Pradesh,Solan,82.9,66,1311,31
162,Himachal Pradesh,Una,72.3,139,1312,29
163,JAMMU AND KASHMIR,Anantnag,36.6,515,1406,14
164,JAMMU AND KASHMIR,BUDGAM,43.2,421,1404,2
165,JAMMU AND KASHMIR,BANDIPORE,29.6,582,1419,9
166,JAMMU AND KASHMIR,Baramulla,47.5,374,1402,8
167,JAMMU AND KASHMIR,Doda,41.6,446,1409,16
168,JAMMU AND KASHMIR,Ganderbal,40.3,462,1420,11
169,JAMMU AND KASHMIR,Jammu,79.4,81,1413,21
170,JAMMU AND KASHMIR,Kargil,41.9,442,1408,4
171,JAMMU AND KASHMIR,Kathua,60.3,251,1414,7
172,JAMMU AND KASHMIR,Kishtwar,36.7,514,1415,18
173,JAMMU AND KASHMIR,Kulgam,38.7,489,1421,15
174,JAMMU AND KASHMIR,Kupwara,29.9,580,1401,1
175,JAMMU AND KASHMIR,LEH,57.2,274,1407,3
176,JAMMU AND KASHMIR,Punch,30.6,569,1411,5
177,JAMMU AND KASHMIR,Pulwama,42.6,432,1405,12
178,JAMMU AND KASHMIR,Rajouri,42.3,436,1412,6
179,JAMMU AND KASHMIR,Ramban,31.2,565,1416,17
180,JAMMU AND KASHMIR,Reasi,38.2,494,1417,20
181,JAMMU AND KASHMIR,Samba,68.5,177,1418,22
182,JAMMU AND KASHMIR,Shopian,39.9,471,1422,13
183,JAMMU AND KASHMIR,Srinagar,56.4,281,1403,10
184,JAMMU AND KASHMIR,Udhampur,56.4,279,1410,19
185,Jharkhand,Bokaro,60.7,248,3420,355
186,Jharkhand,Chatra,29.6,583,3417,347
187,Jharkhand,Deoghar,43.1,423,3422,350
188,Jharkhand,Dhanbad,64.7,203,3421,354
189,Jharkhand,Dumka,41.6,447,3411,362
190,Jharkhand,Garhwa,29.3,586,3407,346
191,Jharkhand,Giridih,37.5,504,3419,349
192,Jharkhand,Godda,35.4,523,3415,351
193,Jharkhand,Gumla,43.1,424,3403,366
194,Jharkhand,HAZARIBAGH,55.3,288,3416,360
195,Jharkhand,Jamtara,35.2,527,3412,363
196,Jharkhand,Khunti,28.2,599,3424,365
197,Jharkhand,Koderma,52.5,309,3418,348
198,Jharkhand,Latehar,28.3,598,3406,359
199,Jharkhand,LOHARDAGA,46.9,384,3402,356
200,Jharkhand,Pakur,29.2,590,3414,353
201,Jharkhand,PALAMU,35.2,526,3405,358
202,Jharkhand,WEST SINGHBHUM,37.7,503,3408,368
203,Jharkhand,EAST SINGHBUM,79.4,82,3410,357
204,Jharkhand,Ramgarh,63,224,3423,361
205,Jharkhand,Ranchi,70.9,148,3401,364
206,Jharkhand,Sahebganj,32.9,547,3413,352
207,Jharkhand,SARAIKELA KHARSAWAN,48.2,361,3409,369
208,Jharkhand,Simdega,30.4,572,3404,367
209,Karnataka,Bagalkote,74.6,126,1501,556
212,Karnataka,Belgaum,79.9,79,1504,555
213,Karnataka,Bellary,67.9,180,1505,565
210,Karnataka,BANGALORE RURAL,82.8,67,1503,583
211,Karnataka,Bengaluru Urban,96.8,18,,
214,Karnataka,Bidar,58.5,264,1506,558
215,Karnataka,Bijapur,59.1,258,1507,557
216,Karnataka,CHAMARAJA NAGARA,77.7,96,1508,578
217,Karnataka,Chikkaballapura,67.1,185,1528,582
218,Karnataka,Chikmagalur,100,1,1509,570
219,Karnataka,Chitradurga,79.1,84,1510,566
220,Karnataka,DAKSHINA KANNADA,91.8,27,1511,575
221,Karnataka,DAVANAGERE,87,49,1512,567
222,Karnataka,DHARWAR,100,1,1513,562
223,Karnataka,Gadag,92,25,1514,561
224,Karnataka,Gulbarga,60,253,1515,579
225,Karnataka,Hassan,100,1,1516,574
226,Karnataka,Haveri,89.2,39,1517,564
227,Karnataka,Kodagu,100,1,1518,576
228,Karnataka,Kolar,64,211,1519,581
229,Karnataka,Koppal,55.3,287,1520,560
230,Karnataka,Mandya,90,35,1521,573
231,Karnataka,Mysore,90.2,34,1522,577
232,Karnataka,Raichur,63.2,221,1523,559
233,Karnataka,Ramanagara,67.6,181,1529,584
234,Karnataka,Shimoga,100,1,1524,568
235,Karnataka,Tumkur,83.5,64,1525,571
236,Karnataka,UDUPI,97.2,17,1526,569
237,Karnataka,UTTARA KANNADA,79,86,1527,563
238,Karnataka,Yadgir,52.5,312,1530,580
239,Kerala,ALAPPUZHA,100,1,1611,598
240,Kerala,Ernakulam,100,1,1608,595
241,Kerala,Idukki,89.5,38,1609,596
242,Kerala,Kannur,90.7,31,1602,589
243,Kerala,KASARGODE,90.5,33,1601,588
244,Kerala,Kollam,91.2,29,1613,600
245,Kerala,Kottayam,100,1,1610,597
246,Kerala,KOZHIKKODE,92,26,1604,591
247,Kerala,Malappuram,63.2,220,1605,592
248,Kerala,Palakkad,88.2,46,1606,593
249,Kerala,Pathanamthitta,100,1,1612,599
250,Kerala,Thiruvananthapuram,99,16,1614,601
251,Kerala,Thrissur,100,1,1607,594
252,Kerala,Wayanad,79.6,80,1603,590
253,Lakshadweep,Lakshadweep,51.3,325,,
254,Madhya Pradesh,Agar Malwa,27.8,605,,
255,Madhya Pradesh,Alirajpur,19.6,650,1749,465
256,Madhya Pradesh,Anuppur,48,366,1746,461
257,Madhya Pradesh,ASHOK NAGAR,39.5,480,1748,459
258,Madhya Pradesh,Balaghat,47.6,372,1738,457
259,Madhya Pradesh,Barwani,34.3,537,1742,441
260,Madhya Pradesh,Betul,58.7,261,1731,447
261,Madhya Pradesh,Bhind,29.8,581,1702,420
262,Madhya Pradesh,Bhopal,84.3,59,1728,444
263,Madhya Pradesh,Burhanpur,46.1,390,1747,467
264,Madhya Pradesh,Chhatarpur,37.9,500,1708,425
265,Madhya Pradesh,Chhindwara,53.5,302,1736,455
266,Madhya Pradesh,Damoh,41.6,445,1711,428
267,Madhya Pradesh,Datia,39.3,482,1704,422
268,Madhya Pradesh,Dewas,53.5,300,1720,437
269,Madhya Pradesh,Dhar,48.9,352,1722,438
270,Madhya Pradesh,Dindori,27.7,606,1745,453
271,Madhya Pradesh,East Nimar,45.6,395,1725,466
272,Madhya Pradesh,Guna,40.3,461,1706,458
273,Madhya Pradesh,Gwalior,61.8,236,1703,421
274,Madhya Pradesh,Harda,50.7,332,1743,448
275,Madhya Pradesh,Hoshangabad,64.3,206,1732,449
276,Madhya Pradesh,Indore,88.1,47,1723,439
277,Madhya Pradesh,Jabalpur,77.7,97,1733,451
278,Madhya Pradesh,Jhabua,28.5,595,1721,464
279,Madhya Pradesh,Katni,51.1,327,1744,450
280,Madhya Pradesh,Mandla,32.8,550,1735,454
281,Madhya Pradesh,Mandsaur,51.5,322,1716,433
282,Madhya Pradesh,Morena,28,602,1701,419
283,Madhya Pradesh,NARSINGHPUR,58.4,266,1734,452
284,Madhya Pradesh,Neemuch,57.9,268,1741,432
285,Madhya Pradesh,Panna,34,539,1709,426
286,Madhya Pradesh,Raisen,49.2,343,1730,446
287,Madhya Pradesh,Rajgarh,44.4,410,1726,442
288,Madhya Pradesh,Ratlam,58.6,262,1717,434
289,Madhya Pradesh,Rewa,40.1,463,1713,430
290,Madhya Pradesh,Sagar,55.6,285,1710,427
291,Madhya Pradesh,Satna,44.4,411,1712,429
292,Madhya Pradesh,Sehore,51.7,319,1729,445
293,Madhya Pradesh,Seoni,42.6,434,1737,456
294,Madhya Pradesh,Shahdol,47.3,381,1714,460
295,Madhya Pradesh,Shajapur,53.5,301,1719,436
296,Madhya Pradesh,Sheopur,29,592,1739,418
297,Madhya Pradesh,Shivpuri,27.6,609,1705,423
298,Madhya Pradesh,Sidhi,34.2,538,1715,462
299,Madhya Pradesh,SINGROLI,22.3,639,1750,463
300,Madhya Pradesh,Tikamgarh,25.2,624,1707,424
301,Madhya Pradesh,Ujjain,64.1,209,1718,435
302,Madhya Pradesh,Umaria,31.6,562,1740,431
303,Madhya Pradesh,Vidisha,45.6,396,1727,443
304,Madhya Pradesh,West Nimar,41.5,450,1724,440
305,Maharashtra,Ahmednagar,56.2,283,1809,522
306,Maharashtra,Akola,62.3,230,1823,501
307,Maharashtra,Amravati,70.4,152,1824,503
308,Maharashtra,Aurangabad,57.8,269,1815,515
309,Maharashtra,Bhandara,62.6,229,1828,506
310,Maharashtra,BEED,45.2,403,1818,523
311,Maharashtra,Buldhana,53,305,1822,500
312,Maharashtra,Chandrapur,56.4,280,1829,509
313,Maharashtra,Dhule,47.4,378,1807,498
314,Maharashtra,Gadchiroli,26.4,617,1830,508
315,Maharashtra,Gondia,47.3,380,1833,507
316,Maharashtra,Hingoli,41.3,451,1834,512
317,Maharashtra,Jalgaon,51.5,320,1808,499
318,Maharashtra,Jalna,46.3,389,1816,514
319,Maharashtra,Kolhapur,80.7,75,1814,530
320,Maharashtra,Latur,47.4,376,1821,524
321,Maharashtra,Mumbai,100,1,,
322,Maharashtra,Mumbai Suburban,63.7,216,,
323,Maharashtra,Nagpur,92.8,22,1827,505
324,Maharashtra,Nanded,48.4,356,1819,511
325,Maharashtra,Nandurbar,29.2,589,1831,497
326,Maharashtra,NASHIK,57.3,273,1806,516
327,Maharashtra,Osmanabad,49.9,339,1820,525
328,Maharashtra,Palghar,41,453,,
329,Maharashtra,Parbhani,43.2,422,1817,513
330,Maharashtra,Pune,86,53,1810,521
331,Maharashtra,Raigad,64.7,202,1803,520
332,Maharashtra,Ratnagiri,69.8,159,1804,528
333,Maharashtra,Sangli,70.2,153,1812,531
334,Maharashtra,Satara,62.7,227,1811,527
335,Maharashtra,Sindhudurg,73.2,131,1805,529
336,Maharashtra,Solapur,56.8,277,1813,526
337,Maharashtra,Thane,70.5,151,1802,517
338,Maharashtra,Wardha,81.3,73,1826,504
339,Maharashtra,Washim,43,425,1832,502
340,Maharashtra,Yavatmal,54,295,1825,510
341,Manipur,BISHNUPUR,30.3,576,2006,275
342,Manipur,Chandel,21.6,643,2004,280
343,Manipur,Churachandpur,23.5,635,2003,274
344,Manipur,Imphal East,26.2,618,2009,278
345,Manipur,Imphal West,64.4,205,2007,277
346,Manipur,Senapati,33.9,541,2001,272
347,Manipur,Tamenglong,9.6,664,2002,273
348,Manipur,Thoubal,23.6,634,2005,276
349,Manipur,Ukhrul,14.9,659,2008,279
350,Meghalaya,East Garo Hills,28.6,594,2104,294
351,Meghalaya,East Jaintia Hills,20.3,649,2101,
352,Meghalaya,East Khasi Hills,59,259,2102,298
353,Meghalaya,Jaintia Hills,31.9,558,,
354,Meghalaya,North Garo Hills,12.8,662,2110,
355,Meghalaya,Ri Bhoi,36.9,512,2107,297
356,Meghalaya,South Garo Hills,9.3,665,2106,295
357,Meghalaya,South West Garo Hills,14.1,660,2111,
358,Meghalaya,South West Khasi Hills,18.5,653,2109,
359,Meghalaya,West Garo Hills,28.4,596,2105,293
360,Meghalaya,West Khasi Hills,25.8,621,2103,296
361,Mizoram,Aizawl,54.1,294,2201,283
362,Mizoram,Champhai,38.1,496,2206,284
363,Mizoram,Kolasib,41.8,443,2205,282
364,Mizoram,Lawngtlai,31.1,566,2208,287
365,Mizoram,Lunglei,39.6,479,2202,286
366,Mizoram,Mamit,30.8,567,2204,281
367,Mizoram,Saiha,39.4,481,2203,288
368,Mizoram,Serchhip,39.8,473,2207,285
369,Nagaland,Dimapur,60.8,247,2308,265
370,Nagaland,Kiphire,15.6,658,2309,269
371,Nagaland,Kohima,46.3,388,2301,270
372,Nagaland,Longleng,21,646,2310,268
373,Nagaland,Mokokchung,44,417,2305,262
374,Nagaland,Mon,9.9,663,2307,261
375,Nagaland,PAREN,18.6,652,2311,271
376,Nagaland,Phek,13.7,661,2302,266
377,Nagaland,Tuensang,15.7,657,2306,267
378,Nagaland,Wokha,21.1,645,2304,264
379,Nagaland,Zunheboto,22.4,638,2303,263
380,Odisha,Angul,77.8,95,2421,384
381,Odisha,Baleshwar,63.8,214,2405,377
382,Odisha,Bargarh,57.1,275,2414,370
383,Odisha,Bhadrak,59.6,255,2417,378
384,Odisha,Bolangir,53.6,299,2409,393
385,Odisha,Boudh,45.2,401,2426,391
386,Odisha,Cuttack,88.3,45,2406,381
387,Odisha,Deogarh,53.1,304,2416,373
388,Odisha,Dhenkanal,64.8,201,2407,383
389,Odisha,Gajapati,50.8,330,2424,389
390,Odisha,Ganjam,67.2,184,2412,388
391,Odisha,JAGATSINGHAPUR,71.5,144,2419,380
392,Odisha,Jajpur,69.1,169,2420,382
393,Odisha,Jharsuguda,77.3,100,2415,371
394,Odisha,Kalahandi,45.8,393,2410,395
395,Odisha,Kandhamal,45.8,394,2408,390
396,Odisha,Kendrapara,52.3,314,2418,379
397,Odisha,KENDUJHAR,55.2,289,2403,375
398,Odisha,KHORDHA,100,1,2423,386
399,Odisha,Koraput,48.7,354,2411,398
400,Odisha,Malkangiri,26.2,619,2431,399
401,Odisha,Mayurbhanj,52.5,311,2404,376
402,Odisha,NUAPADA,42.8,428,2428,394
403,Odisha,NABARANGAPUR,30.6,571,2430,397
404,Odisha,Nayagarh,67.5,182,2422,385
405,Odisha,Puri,69.2,167,2413,387
406,Odisha,Rayagada,48.3,359,2429,396
407,Odisha,Sambalpur,83.5,63,2401,372
408,Odisha,Sonepur,49.8,340,2427,392
409,Odisha,Sundargarh,67.5,183,2402,374
410,PONDICHERRY,Karaikal,90.5,32,2502,637
411,PONDICHERRY,Mahe,80.1,78,,
412,PONDICHERRY,PONDICHERRY,88.7,42,2501,635
413,PONDICHERRY,Yanam,68.6,176,,
414,Punjab,Amritsar,78.8,87,2602,49
415,Punjab,Barnala,69.7,160,2621,54
416,Punjab,Bathinda,68.8,174,2611,46
417,Punjab,Faridkot,69.5,161,2612,45
418,Punjab,Fatehgarh Sahib,72,142,2618,40
419,Punjab,Fazilka,47.8,368,2622,
420,Punjab,FIROZEPUR,75.1,119,2603,43
421,Punjab,Gurdaspur,65.2,196,2601,35
422,Punjab,Hoshiarpur,69,172,2607,38
423,Punjab,Jalandhar,78.2,93,2605,37
424,Punjab,Kapurthala,73.2,132,2606,36
425,Punjab,Ludhiana,82.1,70,2604,41
426,Punjab,Mansa,58,267,2617,47
427,Punjab,Moga,61.2,244,2615,42
428,Punjab,Muktsar,62,235,2616,44
429,Punjab,Pathankot,61.8,238,2623,
430,Punjab,Patiala,82.5,68,2609,48
431,Punjab,Rupnagar,89,41,2608,51
432,Punjab,SAS NAGAR,72.4,138,2619,52
433,Punjab,Sangrur,64,210,2610,53
434,Punjab,Shahid Bhagat Singh Nagar,62.6,228,,
435,Punjab,TARAN TARAN,49.7,341,2620,50
436,Rajasthan,Ajmer,73.8,128,2721,119
437,Rajasthan,Alwar,50.9,329,2706,104
438,Rajasthan,Banswara,34.6,536,2728,125
439,Rajasthan,Baran,42.7,430,2731,128
440,Rajasthan,Barmer,31.7,561,2717,115
441,Rajasthan,Bharatpur,37.4,507,2707,105
442,Rajasthan,Bhilwara,53.7,298,2724,122
443,Rajasthan,Bikaner,52.7,308,2703,101
444,Rajasthan,Bundi,51.1,326,2723,121
445,Rajasthan,CHITTORGARH,63.8,215,2729,126
446,Rajasthan,Churu,47.9,367,2704,102
447,Rajasthan,Dausa,42.1,437,2711,109
448,Rajasthan,Dholpur,27.1,612,2708,106
449,Rajasthan,Dungarpur,38,497,2727,124
450,Rajasthan,Ganganagar,63.4,219,,
451,Rajasthan,Hanumangarh,52,315,2702,100
452,Rajasthan,Jaipur,76.6,107,2712,110
453,Rajasthan,Jaisalmer,44.6,407,2716,114
454,Rajasthan,JALORE,40.1,464,2718,116
455,Rajasthan,Jhalawar,40.1,466,2732,129
456,Rajasthan,Jhunjhunu,53.8,297,2705,103
457,Rajasthan,Jodhpur,54.3,293,2715,113
458,Rajasthan,Karauli,31.4,564,2709,107
459,Rajasthan,Kota,61.5,241,2730,127
460,Rajasthan,Nagaur,39.9,472,2714,112
461,Rajasthan,Pali,58.9,260,2720,118
462,Rajasthan,Pratapgarh,22.8,637,2733,131
463,Rajasthan,Rajsamand,46.7,386,2725,123
464,Rajasthan,Sawai Madhopur,46.8,385,2710,108
465,Rajasthan,Sikar,50.4,336,2713,111
466,Rajasthan,Sirohi,47.4,375,2719,117
467,Rajasthan,Tonk,50.7,335,2722,120
468,Rajasthan,Udaipur,48.4,357,2726,130
469,Sikkim,East Sikkim,83.1,65,2802,244
470,Sikkim,North Sikkim,42,440,2801,241
471,Sikkim,South Sikkim,48.1,364,2803,243
472,Sikkim,West Sikkim,30.4,574,2804,242
473,Tamil Nadu,Ariyalur,70.2,155,2931,616
474,Tamil Nadu,Chennai,99.6,15,,
475,Tamil Nadu,Coimbatore,94.3,20,2911,632
476,Tamil Nadu,Cuddalore,69.9,158,2903,617
477,Tamil Nadu,Dharmapuri,56.6,278,2909,630
478,Tamil Nadu,Dindigul,70.8,149,2922,612
479,Tamil Nadu,Erode,88.4,44,2910,610
480,Tamil Nadu,KANCHIPURAM,92.3,23,2901,604
481,Tamil Nadu,KANNIYAKUMARI,88,48,2928,629
482,Tamil Nadu,Karur,80.2,77,2917,613
483,Tamil Nadu,Krishnagiri,64.9,200,2930,631
484,Tamil Nadu,Madurai,82.2,69,2920,623
485,Tamil Nadu,Nagapattinam,74.9,122,2914,618
486,Tamil Nadu,Namakkal,90.9,30,2908,609
487,Tamil Nadu,THE NILGIRIS,86.6,51,2912,611
488,Tamil Nadu,Perambalur,76.6,108,2918,615
489,Tamil Nadu,Pudukkottai,70,157,2919,621
490,Tamil Nadu,Ramanathapuram,69.5,162,2923,626
491,Tamil Nadu,Salem,70.7,150,2907,608
492,Tamil Nadu,SIVAGANGAI,84.3,58,2925,622
493,Tamil Nadu,Thanjavur,77.2,101,2913,620
494,Tamil Nadu,Theni,72.1,141,2921,624
495,Tamil Nadu,TIRUVALLUR,73.1,133,2902,602
496,Tamil Nadu,TIRUVARUR,69.1,170,2915,619
497,Tamil Nadu,TIRUCHIRAPPALLI,85.6,55,2916,614
498,Tamil Nadu,TIRUNELVELI,78.5,90,2926,628
499,Tamil Nadu,THIRPPUR,69.2,168,2932,633
500,Tamil Nadu,Tiruvannamalai,61.4,242,2906,606
501,Tamil Nadu,THOOTHUKKUDI,76.8,103,2927,627
502,Tamil Nadu,Vellore,63.2,222,2905,605
503,Tamil Nadu,Villupuram,57.7,271,2904,607
504,Tamil Nadu,Virudhunagar,76.7,105,2924,625
505,Telangana,Adilabad,69.3,164,3619,532
506,Telangana,Hyderabad,84.7,57,,
507,Telangana,Karimnagar,75.8,114,3620,534
508,Telangana,Khammam,75.2,118,3622,541
509,Telangana,Mahbubnagar,60.8,245,3614,538
510,Telangana,Medak,65.9,189,3617,535
511,Telangana,Nalgonda,77.7,98,3623,539
512,Telangana,Nizamabad,74.9,124,3618,533
513,Telangana,RANGAREDDI,70.2,154,3615,537
514,Telangana,Warangal,76.1,110,3621,540
515,Tripura,Dhalai,49.2,345,3004,291
516,Tripura,Gomati,49.1,346,3008,
517,Tripura,Khowai,44.6,406,3006,
518,Tripura,North Tripura,66.9,187,3003,292
519,Tripura,Sepahijala,47.4,377,3007,
520,Tripura,South Tripura,78.5,89,3002,290
521,Tripura,Unakoti,44.4,413,3005,
522,Tripura,West Tripura,100,1,3001,289
523,Uttar Pradesh,Agra,61.6,240,3120,146
524,Uttar Pradesh,Aligarh,47.3,382,3118,143
525,Uttar Pradesh,Allahabad,50.8,331,3145,175
526,Uttar Pradesh,Ambedkar Nagar,40.6,455,3178,178
527,Uttar Pradesh,Amethi,29.3,587,3181,
528,Uttar Pradesh,Auraiya,35,530,3169,162
529,Uttar Pradesh,Azamgarh,41.6,448,3157,191
530,Uttar Pradesh,Baghpat,42.6,433,3165,139
531,Uttar Pradesh,Bahraich,29.6,584,3146,180
532,Uttar Pradesh,Ballia,47.3,379,3159,193
533,Uttar Pradesh,Balrampur,28.6,593,3175,182
534,Uttar Pradesh,Banda,39.8,475,3142,170
535,Uttar Pradesh,BARABANKI,37.4,506,3148,176
536,Uttar Pradesh,Bareilly,45.4,399,3125,150
537,Uttar Pradesh,Basti,44.4,414,3153,185
538,Uttar Pradesh,Bhim Nagar,25,626,,
539,Uttar Pradesh,Bijnor,42.4,435,3109,134
540,Uttar Pradesh,Budaun,31.5,563,3124,149
541,Uttar Pradesh,Bulandshahr,44.6,408,3117,142
542,Uttar Pradesh,Chandauli,39.2,484,3171,196
543,Uttar Pradesh,Chitrakoot,36.5,519,3177,171
544,Uttar Pradesh,Deoria,48.2,362,3155,190
545,Uttar Pradesh,Etah,38.4,492,3122,201
546,Uttar Pradesh,Etawah,42,439,3135,161
547,Uttar Pradesh,Faizabad,43,427,3149,177
548,Uttar Pradesh,Farrukhabad,36.9,513,3134,159
549,Uttar Pradesh,Fatehpur,38.3,493,3143,172
550,Uttar Pradesh,Firozabad,35.3,524,3121,147
551,Uttar Pradesh,Gautam Buddha Nagar,76,112,3164,141
552,Uttar Pradesh,Ghaziabad,78.2,92,3116,140
553,Uttar Pradesh,Ghazipur,38.8,488,3160,195
554,Uttar Pradesh,Gonda,33,546,3147,183
555,Uttar Pradesh,Gorakhpur,62.1,231,3154,188
556,Uttar Pradesh,Hamirpur-U,53.8,296,,
557,Uttar Pradesh,Hardoi,33.2,544,3130,155
558,Uttar Pradesh,Hathras,49.2,344,3166,
559,Uttar Pradesh,Jalaun,45.1,404,3138,165
560,Uttar Pradesh,Jaunpur,44.5,409,3158,194
561,Uttar Pradesh,Jhansi,51.4,324,3139,166
562,Uttar Pradesh,JYOTIBA PHOOLE NAGAR,46.6,387,3167,137
563,Uttar Pradesh,KANNAUJ,36,520,3168,160
564,Uttar Pradesh,Kanpur Dehat,64.4,204,3136,163
565,Uttar Pradesh,Kanpur Nagar,57.7,270,3137,164
566,Uttar Pradesh,Kanshiram Nagar,31.8,559,3180,202
567,Uttar Pradesh,Kaushambi,27.2,611,3170,174
568,Uttar Pradesh,Kheri,33.5,542,3128,153
569,Uttar Pradesh,Kushi Nagar,39.6,478,3172,189
570,Uttar Pradesh,Lalitpur,40.1,468,3140,167
571,Uttar Pradesh,Lucknow,77.3,99,3132,157
572,Uttar Pradesh,Maharajganj,32.1,554,3152,187
573,Uttar Pradesh,Mahoba,32,556,3179,169
574,Uttar Pradesh,Mainpuri,36.5,517,3123,148
575,Uttar Pradesh,Mathura,48.1,363,3119,145
576,Uttar Pradesh,Mau,32.6,551,3156,192
577,Uttar Pradesh,Meerut,64.2,208,3115,138
578,Uttar Pradesh,Mirzapur,45.3,400,3162,199
579,Uttar Pradesh,Moradabad,48,365,3110,135
580,Uttar Pradesh,Muzaffarnagar,47.5,373,3114,133
581,Uttar Pradesh,Panchsheel Nagar,30.2,577,,
582,Uttar Pradesh,Pilibhit,34.8,533,3126,151
583,Uttar Pradesh,Prabudh Nagar,25,625,,
584,Uttar Pradesh,Pratapgarh,39.3,483,3144,173
585,Uttar Pradesh,RAE BARELI,52.8,307,3133,158
586,Uttar Pradesh,Rampur,37,511,3111,136
587,Uttar Pradesh,Saharanpur,47.8,369,3112,132
588,Uttar Pradesh,SANT KABEER NAGAR,30.4,575,3174,186
589,Uttar Pradesh,Sant Ravidas Nagar,42.7,431,3173,198
590,Uttar Pradesh,Shahjahanpur,37.8,502,3127,152
591,Uttar Pradesh,Shravasti,25.5,622,3176,181
592,Uttar Pradesh,SIDDHARTH NAGAR,26,620,3151,184
593,Uttar Pradesh,Sitapur,32,555,3129,154
594,Uttar Pradesh,Sonbhadra,49.1,347,3163,200
595,Uttar Pradesh,Sultanpur,49.1,348,3150,179
596,Uttar Pradesh,Unnao,30,579,3131,156
597,Uttar Pradesh,Varanasi,70.1,156,3161,197
598,Uttarakhand,Almora,69.2,166,3507,64
599,Uttarakhand,Bageshwar,62.1,232,3512,63
600,Uttarakhand,Chamoli,60.5,250,3504,57
601,Uttarakhand,Champawat,68,179,3510,65
602,Uttarakhand,Dehradun,84,60,3502,60
603,Uttarakhand,Garhwal,65.7,193,,
604,Uttarakhand,Haridwar,65,198,3503,68
605,Uttarakhand,Nainital,76.7,104,3508,66
606,Uttarakhand,Pithoragarh,71.7,143,3511,62
607,Uttarakhand,RUDRA PRAYAG,52.4,313,3506,58
608,Uttarakhand,TEHRI GARWAL,59.3,256,3513,59
609,Uttarakhand,UDAM SINGH NAGAR,65.9,190,3509,67
610,Uttarakhand,Uttar Kashi,50.7,333,3501,56
611,West Bengal,Alipurduar,28.2,600,,
612,West Bengal,Bankura,46,391,3213,339
613,West Bengal,Barddhaman,63.5,218,3202,
614,West Bengal,Birbhum,52,316,3203,334
615,West Bengal,COOCHBEHAR,47.7,370,3208,329
616,West Bengal,DINAJPUR DAKSHIN,51,328,3217,331
617,West Bengal,DARJEELING(GTA),70.9,147,3219,327
618,West Bengal,Howrah,62,234,3205,341
619,West Bengal,HOOGHLY,60.6,249,3206,338
620,West Bengal,Jalpaiguri,68.9,173,3207,328
621,West Bengal,Kolkata,100,1,,
622,West Bengal,Maldah,40,469,3209,332
623,West Bengal,Murshidabad,40.4,460,3212,333
624,West Bengal,Nadia,54.4,290,3201,336
625,West Bengal,24 PARGANAS NORTH,58.4,265,3215,337
626,West Bengal,Paschim Medinipur,50,337,3210,344
627,West Bengal,Purba Medinipur,51.5,321,3211,345
628,West Bengal,PURULIA,32.9,548,3214,340
629,West Bengal,24 PARGANAS SOUTH,44.8,405,3216,343
630,West Bengal,DINAJPUR UTTAR,41.9,441,3218,330
631,Bihar,Gaya,37.3,508,507,236
632,Bihar,Gopalganj,41.7,444,511,217
633,Bihar,Jamui,34.6,535,550,238
634,Bihar,Jehanabad,39.8,474,506,239
635,Bihar,Kaimur,33,545,549,233
636,Bihar,Katihar,27.6,608,524,212
637,Bihar,Khagaria,32.8,549,525,223
638,Bihar,Kishanganj,36.6,516,542,210
639,Bihar,Lakhisarai,41,452,546,227
640,Bihar,Madhepura,27.7,607,522,213
641,Bihar,Madhubani,30.6,570,520,207
642,Bihar,Munger,39.7,477,526,226
643,Bihar,Muzaffarpur,48.8,353,515,216
644,Bihar,Nalanda,40.6,456,502,229
645,Bihar,Nawada,32.3,553,508,237
646,Bihar,Paschimi Champaran,29.2,591,512,203
647,Bihar,Patna,72.9,135,501,230
648,Bihar,Purbi Champaran,33.9,540,513,204
649,Bihar,Purnia,31.9,557,523,211
650,Bihar,Rohtas,42.8,429,504,234
651,Bihar,Saharsa,29.2,588,521,214
652,Bihar,Samastipur,40.4,459,518,221
653,Bihar,Saran,44.3,415,509,219
654,Bihar,Sheikhpura,34.8,532,547,228
655,Bihar,Sheohar,28,603,543,205
656,Bihar,Sitamarhi,24.9,627,514,206
657,Bihar,Siwan,39.1,485,510,218
658,Bihar,Supaul,26.9,614,544,208
659,Bihar,Vaishali,43,426,516,220
660,Chandigarh,Chandigarh,86.7,50,,
661,Chhattisgarh,Balod,37.9,501,3321,
662,Chhattisgarh,Balodabazar,27.6,610,3319,
663,Chhattisgarh,Balrampur,22,640,3327,
664,Chhattisgarh,Bastar,35.9,521,3311,414
665,Chhattisgarh,Bemetara,24.4,629,3322,
666,Chhattisgarh,Bijapur,20.9,647,3317,417